,filename,raw_url,yahoo_img_url,title
0,プログラミング_1,https://jp.techcrunch.com/2016/05/17/20160510please-dont-learn-to-code/,https://msp.c.yimg.jp/images/v2/FUTi93tXq405grZVGgDqG-x3UWkFDroz0UpaunW0rBkaOyuGFongc8Hm7mQ6ljIyuVv03SPQEpgWLg4LRwZmZ_F0uDDn0H7xRzsi40Kp-XMzl7zcazY8rQby-d2wRuq_c7HriJ5zAslkK1v5R-XA0IVsWppXN31FUKYPTlY68-0UMdFe7X7o07KLkKqviYPiGk7Z1olRbzJnj0EY3vHGYwLi70TdmTT8MesOQL7CwlJz_zlAf8O0TjCjMQqOj1a0xjUDzn4ZsR3axMvStepzGRdQW70PhrMYoIB2LHCKTd4=/codecode1.jpg,頼むからプログラミングを学ばないでくれ | TechCrunch Japan
1,プログラミング_2,https://mynavi-agent.jp/it/geekroid/2019/05/post-81.html,https://msp.c.yimg.jp/images/v2/FUTi93tXq405grZVGgDqG_rdOcSlY78Wd8cjQVKW-InzwGaHLyYGly75BDe-ifWpLsy3J1AOT7WxSGcV5O4s6FmaZh0NmLOBpS3U_GUmUdiu29AZ03Swm8z4wLRNpxe4DZhyb9nH9M4Fkte9iWk5hX6t2ZL4kOR3t36OnM_zc13ZCldzNbqbhDq8v-Z5cabid0EqHInEoDEOaw8hXgRet6zWF9oFVgHb6eezPWvLqOwQmAMZ9N0Y01e0ksBMKQqPFNBBvNDSnhxpaTJpIQuj3g==/post81_mainv.jpg,子どもの頃にこんなの欲しかった！ プログラミング学習ゲーム ｜ Geekroid
2,プログラミング_3,https://japan.cnet.com/article/35155952/,https://msp.c.yimg.jp/images/v2/FUTi93tXq405grZVGgDqG8MoPWA5tjyPJPWj2zI-U0UgBwfSazpTBHSh8-OleFercoMZuksHjBj3divwfIt1MVqJ9CwMXFicpGpDDk9_ZgGSt4dv-uSL-tXGcLLgTmG-Vs7js23RmWbdgLYFHNYp1tsIfVIwGTUlPFoJkToDy4eMEFK9rj0Y7LLyCqdJczYeXGj0Z3M2WZIW-mJveG3_f1YGFhH6RqTC_q1eFRk5JI0vr_6r-P8iXrCWNWBivuit3w5ev-dtulySuE2_XOni_7eyDlfTRHMBdwjgjc0y2OJ1SCbHN38J7mbcN7W_qfu0sxV52FWhglpoKtQbABjW7g==/20200628_puyppla_01.jpg,ゲーム「ぷよぷよ」のソースコードを活用したプログラミング学習教材 ...
3,プログラミング_4,https://techme.jp/,https://msp.c.yimg.jp/images/v2/FUTi93tXq405grZVGgDqG2_6YkkJtSmf8Rzy525TqG1f1AOZJYyYoK2rEYlNWWG-L0k_DcYIQpge4kvXkBF2Yysx_7GXPSNWzzKLmRECKhau29AZ03Swm8z4wLRNpxe4DZhyb9nH9M4Fkte9iWk5hX6t2ZL4kOR3t36OnM_zc13juijgK20Pc7O0iCMavlwQBd6UIXjQ4lRIi5biXkKZYdd9dffnpGXuctEwqAo961hEwX79rkbXDg96nJj5Trxa9YDOB6c2a-Hqv-4fKc71sg==/pixta_29780628_L202.jpg,プログラミングのスポット相談|TechMe
4,プログラミング_5,https://www.creativevillage.ne.jp/54319,https://msp.c.yimg.jp/images/v2/FUTi93tXq405grZVGgDqGxvixyrB8JWu9LjYP7UFcqxZGfNl2ZLJyaSejIYf5fIMy4iZTldufLUyozbcCsSNUcxLxSjXWwJ82-COBUXMw_dGsglIkgMKcVuITS9mA5-hIIH4Xk91Wb0EF1JUqe16JxVvKgoPSXHBAwJFu6oE2sqAIDhEZqJ3eK3HvI6UaYUpq5YPwmbrftXkcMePaRU3-ZXt_UIxkQiEAOi129vpfHfFFgL17g1D1JxR0ANtojCGvkRaIjRC1c6icpf-HEelG4GImbqkwDteOe2f-zvBe0E=/eyecatch1.jpg,ゲームプログラミング】おすすめの言語と勉強方法│ゲーム開発を仕事に ...
5,プログラミング_6,https://geek-out.jp/column/entry/2018/08/02/110000/,https://msp.c.yimg.jp/images/v2/FUTi93tXq405grZVGgDqGzVGmN3F6_llU85D2ZbgU9BQ6p_tTxp4y62mAIeLIJQyfWQ4EIyCdOpGPlDquSwqcMcpUkzrV-cYys3XVLEzUxoggfheT3VZvQQXUlSp7XonFW8qCg9JccEDAkW7qgTayoAgOERmond4rce8jpRphSmrlg_CZut-1eRwx49pFTf5UefS_ygNJzV0pC5zuSQOmrjbbOHOUMTQ7Gyp67jOpTVYClmS1aB11Cc6WdQrJuRXvQ0JPNMknuWifTO5x_Ggxg==/20180731111613.png,自分の子どもに「プログラミングってどうすればいいの？」と聞かれたら ...
6,プログラミング_7,https://blog.geek-salon.com/articles/95,https://msp.c.yimg.jp/images/v2/FUTi93tXq405grZVGgDqG1-oG8AXzEB8Ril8KYIA1QUMMwLG2bL0DIm8EP1iCM-f0WlTArQuOCrFD3SiIl19yL6FE7oyND3KtV0GU1mzDy-txxL6kk13SQtpcPjzykZRtBii83QuRJHpJYGQnKx8q5U5bhe5YISz8PO3ymyh9IKbKItsh8IlVnNcnstWUFHyo8LKF6AjTRFPEJVogbdhDv4mxuUZYmlqg83lCUvBzGt3ZThxQVSSX3ufNQ7XrTK6P9BRdGb6MY4vF0HYTZemqgiCpmGj_CkWGGctW8VRpW3OHA8GqjDPW3nIOZo53l8dUTZD8Yw2HrOzpTSVJD7raIT3hETITlYDQh4tsELctRc=/pro_beginner_first_top.jpeg20190422-9141-15kde8y,大学生からのプログラミング入門者にオススメの勉強方法と ...
7,プログラミング_8,https://www.internetacademy.jp/it/programming/programming-basic/benefits-attend-web-programming-school.html,https://msp.c.yimg.jp/images/v2/FUTi93tXq405grZVGgDqG9sIx5TWakL0EvII_cn7OFiKatZAiGdlPFKcEmBqPx5TXIY7EK306Y0ZYponEs9DNokvOxvUsu86SM5YNbTyKcUEXW70cszO4LOrTsaWphBZU_SGE4oTRZXTbGnwI59IPykbkqjKswAjuBVYiRiTks6Vzua3c4MjoDAwngCiK_6XWFV00-fwYkXUln6Fj_cpyDikKSE1M6BSqpU99zgXRwneZwvsoIykuAVauV6p3dLujYQ-u_NMgWlnwFphgjgtHqGG4PLGHYfaZv7epJaOfrWM9PpHSoUytbxswQu3_MFA/benefits-attend-web-programming-school.jpg,Webプログラミングを勉強するなら学校へ！Webスクールに通うメリット
8,プログラミング_9,https://litpla.com/news/20200330_academia_online/,https://msp.c.yimg.jp/images/v2/FUTi93tXq405grZVGgDqG2KkcxnYc5fuRo-TgWgiyFuQACSwYqIuW-N3eY9zonbholc77dtjHshV6bTJi6ZEUlp_bJrq_9W2nssfSEPytRt1YLeSEnS4XqtNUXjOR9XfLAHD5JCjpiUOTODuec_HAUqziG--IQu9-QD00MHIee-5yBl7y-V295AXd9OmbSTfCHT4POPSzuaXzIUQYTX30g-MqaiG6XZWB29G_bJCtXQAhcM5zHYFBH29u_7k2cKE52XsqVEkdgMf4YgUGe7HwGPF2KjtXltXmrAN3k85WHI=/academiaOL_img.jpg,自宅で手軽にプログラミング体験！「Scratch」を使ったゲーム ...
9,プログラミング_10,https://agent-network.com/column/skill400/,https://msp.c.yimg.jp/images/v2/FUTi93tXq405grZVGgDqGySzTZyuHdktrm5L_ciN7EAUyVYb7S0vmRRLsBsRGJMYEIolV7w7X0Sxg62Biuln3A7mmYCC_K20jWG3seX6hOYu28Ih6NGg_RxfYihLcWPAiEYxhpzzBsAGauuufOdp4qcZOk3bg_pji5PjErLFEWa5lp4ZGKBw0V9Sep_-6o3tcl7O45TeZag4wH7o-xonh9kVfsUegLSKbRvIxE9Lgrc2geqClDk2DI3rHDESiJGYhX9VWoL6FaDVqMODFu8wcUUL3dvjq1hS6Av-ZhOIQ8ulvvEj0vJYE2D7aZ7s5E_i/5e50a2e42b9b1f1d475784af69a82ab2.jpg,稼げる】プログラミングでできることは？言語別の活用例・業界・職業 ...
10,プログラミング_11,https://startupcafe-ku.osaka/journal/column/2146/,https://msp.c.yimg.jp/images/v2/FUTi93tXq405grZVGgDqG8CuYLcN3JR4QlOXvPX1M4wPacb4VJfGsaclNhOdXtxNy4iZTldufLUyozbcCsSNUXUJBRM38RmxvkjS6CcQwYo8cNqOfIha6GvHaWkRMLG4ZeTOrB3z30hZWvUR5V8g70UvaIFq8rqx8tixUN4U3PyVmVndCl4wdjiK1L0oRgfrzyUFX3tJ_2FbORSufDRAFqFwLUoBlfpck-lOmldj_8YM_QD1P-o7YPgFUjfn8uOx2fn62KOG9FjXye8Hh0-JxiiVa1SNzepPeRw6UN5yHcex_L1j6sCFvO1gzH3JAxto-W6koB332LDAaVcLl8VibRTQQbzQ0p4caWkyaSELo94=/florian-olivo-4hbJ-eymZ1o-unsplash-1200-1024x683.jpg,わかりやすく解説！プログラミング言語の違い | スタートアップカフェ大阪
11,プログラミング_12,https://yrm006.wordpress.com/2019/10/24/%E4%B8%AD%E5%AD%A6%E7%94%9F%E3%81%8C%E4%BD%9C%E3%81%A3%E3%81%9F%E3%83%97%E3%83%AD%E3%82%B0%E3%83%A9%E3%83%9F%E3%83%B3%E3%82%B0%E8%A8%80%E8%AA%9E%E3%80%8Cblawn%E3%80%8D%E3%81%A7-%CF%80-%E8%A8%88/,https://msp.c.yimg.jp/images/v2/FUTi93tXq405grZVGgDqG0tBYwtu72lM_CB2IEbNVMwTi5Ti_zp0LlF5L3Z8Pzo39jiDeRn_0h4xutjn5yiPzZlX6BswKJv6C_51-Cpx7BF6W1hNTcgx-7M4SKpO_5FIbq3rakdq29TM0nYwe-ne6KPCyhegI00RTxCVaIG3YQ7-JsblGWJpaoPN5QlLwcxrd2U4cUFUkl97nzUO160yuj_QUXRm-jGOLxdB2E2Xpqo8Orlq0rQD9XfQofs1K4CLqWmG40Y5gx5mlp1om2Jt2Byb13W9-e2k3OPRudWKjdVmDUtR71t9e0VT0Ytbx8O0/screen-shot-2019-10-24-at-22.59.36.png,中学生が作ったプログラミング言語「Blawn」で π 計算！最新のC++を ...
12,プログラミング_13,https://paiza.hatenablog.com/entry/2019/08/26/%E3%83%97%E3%83%AD%E3%82%B0%E3%83%A9%E3%83%9F%E3%83%B3%E3%82%B0%E5%88%9D%E5%BF%83%E8%80%85%E3%81%A7%E3%82%82%E7%B0%A1%E5%8D%98%E3%83%BBLinux%E3%81%A7%E3%82%B3%E3%83%9E%E3%83%B3%E3%83%89%E3%82%92%E8%87%AA,https://msp.c.yimg.jp/images/v2/FUTi93tXq405grZVGgDqG7EWq3gkaBV51Iq32TvAcGrFGJLYXPsvUcTXV7P3YYThZwu87gLpK7_7hD_Dhrd1QvM-VbgpwC1BDQLp8EfHAaddirVLNHq5rRhAVhfukeLtgKbFdKLnjYh1HR3j2eFbeIwQUr2uPRjssvIKp0lzNh5caPRnczZZkhb6Ym94bf9_VgYWEfpGpML-rV4VGTkkjS-v_qv4_yJesJY1YGK-6K3LPYaiWFDnDgCt8mYwHOM8rXtlr9p2afCkq4ShHrHpHtX1WWfel9hIslI8YIDsokLfZQoeTrl4eraK3Pf1Wf9C/20190717105101.png,プログラミング初心者でも簡単・Linuxでコマンドを自作する方法 ...
13,プログラミング_14,https://game-creators.jp/media/career/017/,https://msp.c.yimg.jp/images/v2/FUTi93tXq405grZVGgDqG9-2xpbIub15OzuFgOzDmFND6opmy6yiNoAZymZH5EPx9RxveRTCQBWTnue0EbUy-M1Tqi2ou81Ustthd9bWTnidfroFx1OrVAyfASvLEDvgLAHD5JCjpiUOTODuec_HAUqziG--IQu9-QD00MHIee-5yBl7y-V295AXd9OmbSTfCHT4POPSzuaXzIUQYTX30gzBQBN88TSEI4i_qt-tpo2seA5qgZZFmQWNekVAuJwAIJ1sesUzVFbNTsQncA5YMOK1TxxEBxhIvM91DnySMvA=/017.jpg,ゲームプログラマーにおすすめのプログラミング言語12選
14,プログラミング_15,https://www.whitebox.vision/%E3%83%97%E3%83%AD%E3%82%B0%E3%83%A9%E3%83%9F%E3%83%B3%E3%82%B0%E5%85%A5%E9%96%80%E8%80%85%E3%81%AF%E4%BA%8C%E5%BA%A6%E6%AD%BB%E3%81%AC/,https://msp.c.yimg.jp/images/v2/FUTi93tXq405grZVGgDqG6t74THY_4ufB2lmXGrHfQ-xMwFiD4nFSIwgb1jsY1xS9RxveRTCQBWTnue0EbUy-DNvjAxkTiTXVh3qsveve_mlHLZV2ATyTTMoIllkqgzv8XpJFUiwn81vFiIu__54yf6M7eI3jAu3IdgPEpqqAGJOK6tGtIxl7D3ECeIUpqCfezd1rIcgSGdlK6Pl-2xm23EuPkwFcC2r_2Gtn_lsKM2mPXQlb0ZmJ2RhixDX6jrEmJ8yyenh3U3q2eE1Yt2IRnZITNIV6iKxHrsACqAWSKY=/3145985_s-1.jpg,プログラミング入門者は二度死ぬ – WhiteBox
15,プログラミング_16,https://blog.codecamp.jp/programming_english,https://msp.c.yimg.jp/images/v2/FUTi93tXq405grZVGgDqG2ZbYGCyLpR5USnqNmgnrubG2eS9ra12f_cClqxFaU7sMNf8ORNy0u0XHjK8-zSTk50_d6y5K5nCwBm5-1CFSJmb69QLS5rr-6JMDp12mdj5wrmuuG_AIgka-2fC1UpTQuNp5Tvy8XFA-aA_Q6SXSi60qeaHdT4k5p0Lfut2J8DV-QnTsSQmxyxkEmw4jAz1LADUvShlgE-rZtIhTc0QU2IyZnNEdiOtYSGUogUc1FfvMro5GnM9_s4WkPjSf8zf7MtHIBNcBJSWnjXMENmNoOT35BUeQx5wcXxBWaz8OJcuPrVvl87zL8_HmzJ6lEi2ZLjGM7uNgdeeVXLJEnoQagcQW9TQAPpuMB4eMXh_Cp_W8o6zQcPYl1uIAxkvjQDVUg==/1c25d2dc08dee3db6ace8c6cb5e1ee7a5b069790.33678.desktop.jpg,プログラミングに英語は必要なのか決着をつけようと思う | CodeCampus
16,プログラミング_17,https://prog-8.com/,https://msp.c.yimg.jp/images/v2/FUTi93tXq405grZVGgDqG2ASstt4tgKgeRc11PcHgyTPv-GUnFCWCUWc_dllztkXTEnTX8zvHGkSkHDlP60DxEaRD68nd9Icl0oo7fLjYXupUiQS1H-w7Sg74lxeG00P4g41om93CtljNDA1HyqkvZFBOwiV3P5GrlpYw5qxas-NCaS3Rsl3yDMEW_yqLY3yLAHD5JCjpiUOTODuec_HAUqziG--IQu9-QD00MHIee-5yBl7y-V295AXd9OmbSTfCHT4POPSzuaXzIUQYTX30toctEq9GanA2GhSDp8myna6VoHLZTxHOEN6C4DTX5xia8euBiCEBtcYNqtL6vV_Sll8XDJ5FEC67m0oJnclEhA=/editor_image_jp-e307f46bebad4e09782429be28dc21e6.jpg,Progate | プログラミングの入門なら基礎から学べるProgate[プロゲート]
17,プログラミング_18,https://dena.com/jp/press/004382,https://msp.c.yimg.jp/images/v2/FUTi93tXq405grZVGgDqG40bq1xRAhJLN8ybT1ZqxRgKfZ98mwd5TyjQkcW2AiyClCmOXkfnASP9GF4bJ11voZ0McXIbd7zBgoEwLDFeERrszzCbZENTza-YgU3U-_hFhWxamlc3fUVQpg9OVjrz7RQx0V7tfujTsouQqq-Jg-IaTtnWiVFvMmePQRje8cZjyfvw_4Q6v9AJD3xpZXXGBnixohDDEBeMSRaVVaozJ3l8Tu_tms6ey1LCXyEFkthy1rtgL7aFexI0EG572OHMRg==/OEZaZwipPaHpafl_2.png,プログラミング学習アプリ「プログラミングゼミ」で本格的なゲーム作り ...
18,プログラミング_19,https://kidscodeclub.jp/cha3/,https://msp.c.yimg.jp/images/v2/FUTi93tXq405grZVGgDqG5wS-TZAmLWobpP2csE5GCCDOAm5DpKgpUNULp4Tbdd79RxveRTCQBWTnue0EbUy-EIOVQ7cKOq4nF0OwAXNyrBX0-gKnSbp4KuB2RSCTsbowTKD2Bvh1DUWRdcfAg8xrMviI_Aq2JEKaeaQdv5YXmiB_0GGXnHU1dgclEeB1knOfLGb-WAst5Hz1zhmlUGE3ZgQJnQceWUss2W9DoaD8Ue7H-zZhKkpUUQTetK1mna4BPhpxPnhUrOEaMt4O3YlH6LlreSAez5y9HdVGWIde48=/06.png,無料でできる！子どもプログラミングのはじめかた | 一般社団法人Kids ...
19,プログラミング_20,https://www.amazon.co.jp/%E7%8B%AC%E5%AD%A6%E3%81%A7%E8%BA%AB%E3%81%AB%E3%81%A4%E3%81%91%E3%82%8B%E3%81%9F%E3%82%81%E3%81%AE%E3%83%97%E3%83%AD%E3%82%B0%E3%83%A9%E3%83%9F%E3%83%B3%E3%82%B0%E5%AD%A6%E7%BF%92%E8%A1%93-Ver-4-%E5%8C%97%E6%9D%91%E6%8B%93%E4%B9%9F-ebook/dp/B07M5Q7Z3X,https://msp.c.yimg.jp/images/v2/FUTi93tXq405grZVGgDqG2E-Sg2-7FDTZANwvnBP0L8fCu8JH5BxSVL3lAhv-slsc6sn82639n4f0aDyFP0z2VP0hhOKE0WV02xp8COfSD8pG5KoyrMAI7gVWIkYk5LOlc7mt3ODI6AwMJ4Aoiv-l1hVdNPn8GJF1JZ-hY_3KcjWfz_tHl9JCTQXpQIsHA4eqJfbiUwQzN5ModCJi8qjisBXFi1c-mUZzs_o3xxByziUik58pnZAb8DMcTR-r81HjPT6R0qFMrW8bMELt_zBQA==/516ILPoCRiL.jpg,独学で身につけるためのプログラミング学習術: Ver.5 | 北村拓也 ...
20,プログラミング_21,https://coeteco.jp/articles/10325,https://msp.c.yimg.jp/images/v2/FUTi93tXq405grZVGgDqG5Dgw02U19OMFO0bgyxeMMCp0KvmwLSdrqV9H81RLrskTk8tg8QHexE7_Lh9dzjyH63K_4dj1jH4cAlndAqbq_66DCNx674r7b2y1BUKGXLvvw03SvpnvoDA6Ai85eWiMJ9koMAuE59VvHI6jQZ7OYWtWoUV5mLpADF-KYVe6C1IzpG4g9Fb84kfHc39GfQ2SJSdXIBfWmv8ffi4EKtNiJ63hmFgmdM4Vf7oYNeIP3L2o8LKF6AjTRFPEJVogbdhDv4mxuUZYmlqg83lCUvBzGt3ZThxQVSSX3ufNQ7XrTK6P9BRdGb6MY4vF0HYTZemqtvv1IVk_Sdv9kY0s8-wwQFwC10LNFtT-hFmOKTuDDKbrRpgxaPjdvnEIeSW5Y_IPcbO3CZQ7IY7W33sPjYUoW8=/a71532995ad7d8636c0dd352d7a9bf7a720c315f3f34e1af0ad8ac2fd8fb,プログラミングとは？知っておきたいIT用語をやさしく解説 | コエテコ
21,プログラミング_22,https://progra.org/,https://msp.c.yimg.jp/images/v2/FUTi93tXq405grZVGgDqG69j5bZKcFVX83VltXP_GgewBd01b-0DDHDN402t-YC1g8aDO6ZphuICtumQ-q9tIPu6CyErkBtk9kDNHO0vgnZ3RdGC9LV2RTOxOnXIMwAsgEKGUtMmPDos7ZA-sBQmQ6aeEHiySb__BQrLhrs8Dxeg8C7VqK_L5fTkSxTyP394nCPHMWuHFm7MQN2Y9Pgt70ywTuY9ZqNQ4C9cY_ADqTGeAb9BWAOeespTVy9Nv6wpa5a6Cc3VcqmONZRLi0S7sYNk1FqJ9eE0Kz8G6BZUDmg=/ss2.jpg,小・中学生向け 自習型 プログラミング学習教材 Progra!（Scratch動画）
22,プログラミング_23,https://blog.codecamp.jp/programming-what-can-do-1,https://msp.c.yimg.jp/images/v2/FUTi93tXq405grZVGgDqG2ZbYGCyLpR5USnqNmgnrubG2eS9ra12f_cClqxFaU7sMNf8ORNy0u0XHjK8-zSTk50_d6y5K5nCwBm5-1CFSJmGOi3R6volOVFylnaETIiN_KhKsVQU9zR9NZuf2hlBrirmwXrnOxBG_hQrReyZ_DI_LrTQA1o5n1mjGubprYG83icKRJMt-HQF3fLBB_178risfDJUUVg8VJceNXL4KfgyZnNEdiOtYSGUogUc1FfvMro5GnM9_s4WkPjSf8zf7MtHIBNcBJSWnjXMENmNoOQkcMsNyvB9LfqBNHDOXQb3i7Gb8GK0H-7LcqxYnEjPFDZJS5QIWkXyzqk4fb7rWwd3gmn_TfS-X6OvIz91A1LEjPT6R0qFMrW8bMELt_zBQA==/4eac2affcfca8d6942917d12fcdf6f8341498d51.34510.desktop.jpg,プログラミング一体何ができるのか？学習する前に確認をしておこう ...
23,プログラミング_24,https://techacademy.jp/magazine/39474,https://msp.c.yimg.jp/images/v2/FUTi93tXq405grZVGgDqGyeXoZHAvGQU2j7O6UWU1cQ2uQEHb3RYUjlIAQmoDEFPEIolV7w7X0Sxg62Biuln3K9DkZqK8QVlLgRBODCvLagDIdqpHdFBXs-eoB4Hmj24SH11SSSGFfR7vX9IUyu8nWhOPlvbjxAe-g_GQ_t4p8zsa2BubRRuZFTAByVzVZA4FFI0H60s9xKE4wh50HOVS8tPNbmWvJQ7sHXMt70TEoanAPtt5Gyoo8hy78147ywWzDNX5Ef8Xa3C0RMGqZBcMJ6f4ZVYwaf0irOPMiv9eQ7NMQHRnLGMm08DC2fK0lC6/20_int_d_20.png,厚切りジェイソンが語る「プログラミングを学習する意義」とは ...
24,プログラミング_25,https://comic-walker.com/contents/detail/KDCW_CW01202035010000_68/,https://msp.c.yimg.jp/images/v2/FUTi93tXq405grZVGgDqG6sZ81qnKPUVdHWS-wX7ADhKEhTf6pwAoQ3txFgLpCHc3XgYpd393X3tnU3iMQ9gY91HKA-RY38JkMqTF7tAUaajwsoXoCNNEU8QlWiBt2EO_ibG5RliaWqDzeUJS8HMa3dlOHFBVJJfe581DtetMro_0FF0Zvoxji8XQdhNl6aqaDYcMkMgmy1xNfkCStudLwVMZanERD5Oq369Hjr8rt71h8U4M43e-EvUIsQ_PpaaYH1GRqczx5TN6E6LIrYCCg==/11065171,はたらくプログラミング 完全版 無料漫画詳細 - 無料コミック ComicWalker
25,プログラミング_26,https://webukatu.com/wordpress/blog/1263/,https://msp.c.yimg.jp/images/v2/FUTi93tXq405grZVGgDqG1OdI1qYhSLOdqYu9OuT_XbKye6ocIUYHEH5VIMSM58Q9RxveRTCQBWTnue0EbUy-A1-uRAJ_EMh8tTvZ7S-0Z4Nrhg87LKUQtBILfkErzmxJgltWvpWyOifeOdw-Cg_cSsx_7GXPSNWzzKLmRECKhau29AZ03Swm8z4wLRNpxe4DZhyb9nH9M4Fkte9iWk5hX6t2ZL4kOR3t36OnM_zc113qg_wKO7_Ld77DqYTugFmoIsTzwp6fRTCSychRW3KPGaEdCi4ec4s5x5Nw-9_nWLtKHRX1xvJAIZ3hNx38J7R9YDOB6c2a-Hqv-4fKc71sg==/e95efe85cf997b40cc53ccbf99a40479.jpg,これからプログラミングを学びたい初心者や未経験者がまず知っておく ...
26,プログラミング_27,https://style.potepan.com/articles/8067.html,https://msp.c.yimg.jp/images/v2/FUTi93tXq405grZVGgDqG6GmKKG_m9-caVTphEyD1lcaOyuGFongc8Hm7mQ6ljIyuVv03SPQEpgWLg4LRwZmZ0HUfHxZPk7w6k7c2XMPWhxtNjdDeLSgbV2KeH9YboRUqRQEDWidSJTj9KPrvydjaoBChlLTJjw6LO2QPrAUJkOmnhB4skm__wUKy4a7PA8XoPAu1aivy-X05EsU8j9_eE0RB75eW0-58EIiuOfz1S9aU752nnuKsYewZn1e44KI7-xd6c83mZROLgNLdlQGxzlm2YRd-ZXBb7TYFkvrO-XyjrNBw9iXW4gDGS-NANVS/pexels-photo-270632.jpeg,プログラミングとは何か？初心者にもわかりやすく説明しました ...
27,プログラミング_28,https://www.sejuku.net/blog/2100,https://msp.c.yimg.jp/images/v2/FUTi93tXq405grZVGgDqG2ZbYGCyLpR5USnqNmgnrubG2eS9ra12f_cClqxFaU7sA9qITCCAWztPUfYpMBDVq-vecy54RczYax3fR5IrJSt122ucsGpRMMXHaqnPy2bQMD59I3kmibd16ommzwVfuOIFNY3GD1PdQS8x9r6xISG81jyT4szIpTFxCY4Wj-mP9phUyKDXF8KPT9ojfD2zhywBw-SQo6YlDkzg7nnPxwFKs4hvviELvfkA9NDByHnvucgZe8vldveQF3fTpm0k3wh0-Dzj0s7ml8yFEGE199IvbQoOntDWbkYtt4lhi8EQQeIjsq6XDt_29FblQHpD-QboM--DzLAGJLz1seHZz8oNJ8M0kCLEBHuR1Nd-UZAE/75b0e27d18110f4762f589af5b6f3887.jpg,プログラミングとは？できることや注目される理由をわかりやすく解説 ...
28,プログラミング_29,https://www.internetacademy.jp/it/programming/programming-basic/programming-study-method.html,https://msp.c.yimg.jp/images/v2/FUTi93tXq405grZVGgDqG9sIx5TWakL0EvII_cn7OFiKatZAiGdlPFKcEmBqPx5TqCSZGCm3gzxXAuzCPZ0Ju5x5pHXBf4DtGu0qY1Rx8Ex08Jn-qyPMEMut2G38fwuXzyUFX3tJ_2FbORSufDRAFqFwLUoBlfpck-lOmldj_8YM_QD1P-o7YPgFUjfn8uOxhnWmXubTvre98eEiK-VQgusrb5ffZmuRnSCqHL3IVvVkuXSnjdea6OOfvRv5CXzbBzl4l3BeMZ9keFPMYSl-YTWTq75eUbh4DgBtyNsU-7E=/programming-study-method.jpg,やはりプログラミングの独学は難しい？挫折しない勉強法4つのポイント
29,プログラミング_30,https://kakakumag.com/pc-smartphone/?id=15174,https://msp.c.yimg.jp/images/v2/FUTi93tXq405grZVGgDqGyNBgbaob1szM51fuHM9lR6cOnfbKaWPWpObc-5qZLPxTQrCScUfSecRIVelTdBw-gv59t5YbsCl6-GkTlEpqFejwsoXoCNNEU8QlWiBt2EO_ibG5RliaWqDzeUJS8HMa3dlOHFBVJJfe581DtetMro_0FF0Zvoxji8XQdhNl6aq7ZvKovQ6KCR9Qd0xM8-3AKCk0G_MNtzGrV4oaIMQP7O5m3zJccyCqfxfANmdSkSviZjNlaRa6c0dsC2LR5WsfA==/img01.jpg,今こそプログラミングのことをサクッと理解しておこう - 価格.comマガジン
30,プログラミング_31,https://tech-camp.in/note/technology/226/,https://msp.c.yimg.jp/images/v2/FUTi93tXq405grZVGgDqGxiw-Tbq3nt4hl1-Q-TVZoODEpE4z_s1xPwXVje0FrFY8xPhvOOa8YokQ0h9FkFsJiDM3GQoPF_jys1TTs2iWru95JzEW592GeaBqgNBmTQdc28F73kYMQfbA14P9fD5TA-o5zmnml_OR-bm6_whgO6wxOO_3a34qT4WQ74oIvf2LpvuF2dTXsEx5onDV_Q5VOOxWl-keef6xtYVxZyQgMIJkuWBJNsJEdYUSBD5L2_I4e-mGTOIapuge1Crwmfl6on4bzGK3W1YCwSYr5-YRkFW81zs8uz7U_LSUMgpa-kiXkAiQXm5-tq80nFwRNJdVDJmc0R2I61hIZSiBRzUV-8yujkacz3-zhaQ-NJ_zN_sy0cgE1wElJaeNcwQ2Y2g5KF-Be8T_FLwhzXzhsHWo9tUjmv5TqcXYNwXar5PcyB8V3vmI5T-USuaOl8duSbM9Kx3wNFnviUuGiDXN6g_TiDyjrNBw9iXW4gDGS-NANVS/E382B9E382AFE383AAE383BCE383B3E382B7E383A7E38383E38388-2019-08-15-16.12.38-300x198.jpg,プログラミングとは何か？を世界一わかりやすく解説 | テックキャンプ ...
31,プログラミング_32,https://www.pasonatech.co.jp/workstyle/column/detail.html?p=2505,https://msp.c.yimg.jp/images/v2/FUTi93tXq405grZVGgDqG6fEsc2H1xuATbzJybd3c9Kj-F2rSEfvoTnpUi_pf0Tnj07Lj3_h7TP2_fAG5QnwbsLt2Numo_CWYsmNG1cjl-Ny3E3aklUrCGV6GMn9eor4gEKGUtMmPDos7ZA-sBQmQ6aeEHiySb__BQrLhrs8Dxeg8C7VqK_L5fTkSxTyP39444ly3LB0Mg9wByhe2A2yYyQI1JgICzpUe4vertLUFyIT6uIwP1vq13vx1QOPHcHASJ_y-rPNotUHSSlhdkJAaoNk1FqJ9eE0Kz8G6BZUDmg=/2505_mv.png,難易度順】プログラミング言語を一覧で一挙紹介！ | パソナテック
32,プログラミング_33,https://prtimes.jp/main/html/rd/p/000000003.000052102.html,https://msp.c.yimg.jp/images/v2/FUTi93tXq405grZVGgDqG55TuUok74aGR5j448WXX6QoG3Qgh6RcdpAtbd8eetWaF-hw9BNw_J0O9XKpFJfYTcsSYEHKDKztM-2DwCzwpNtGlcjzNqDDszuzqmqTJRGgPcdndOd4usqrP_guJ19ieZnHK5955_nku1sfs4DcuaFcASlf5dnQRQXu2ThzEa3dVNnfA_Q-OadOgS9yHnLHYBIj2RhGirfHqB2HgYP5ultbkKkzI62XieciuPAQ26kpmBnlvHOb66IOZncDqPsd-Q==/d52102-3-530103-2.jpg,プログラミング指導者必見！】20代の学習経験者に聞いて分かった ...
33,プログラミング_34,https://forest.watch.impress.co.jp/docs/news/1161130.html,https://msp.c.yimg.jp/images/v2/FUTi93tXq405grZVGgDqGwYG1F2uK9j-T7CP7xzaL8TvxaUfr_ToxQFlATmIoe4Fe0YcIB785SZA98Cbvy38uvC9xyxClT_cUeOezo3N2F2QWrdd4BYJyn7SEnXK5H-xpxk6TduD-mOLk-MSssURZrmWnhkYoHDRX1J6n_7qje1yXs7jlN5lqDjAfuj7GieH2RV-xR6AtIptG8jET0uCtwDQl44PVTuE0qykVgHhk1WHIY1-k0AWMk89kuX5v_hqSSWPBIU4l93_LHU9LDZG82z2xnvP2FXSLU4EoLS1-6I=/image1_s.jpg,子どもの学習・教育向けブロックプログラミング環境「Scratch 3.0」が ...
34,プログラミング_35,https://haa.athuman.com/media/it/programming/2160/,https://msp.c.yimg.jp/images/v2/FUTi93tXq405grZVGgDqGx70uVh6JrKTLc2lrUMLjHUdv8gk3zdTRMLrYz1PLd-SD_nsWftuFF_fAP17pbTI2CSMT9O_x1fkvkkkDK1XbdgDn1SPPVXjlj0Sso9qtZpxCE96GgTI6Vl1hJoI-DzFmq-ZsH-4jIrE7EQhlrBr2Eau29AZ03Swm8z4wLRNpxe4DZhyb9nH9M4Fkte9iWk5hX6t2ZL4kOR3t36OnM_zc10dwjt0dIITmv5GUeYdU_j-MTvNMuKN0vGT9Ndl2cRmtqJbDJH2dk3TPDyZX_aWHSO6SrGZXmYbE8-2S1taKNToFNBBvNDSnhxpaTJpIQuj3g==/tcssm_2020_2-4-4.png,プログラミングとはどういう意味？学習方法やメリットを徹底解説 ...
35,プログラミング_36,https://www.gamespark.jp/article/2019/05/17/89749.html,https://msp.c.yimg.jp/images/v2/FUTi93tXq405grZVGgDqG8Bj-7CaDhGvTVSrtxcT3zswn6giro2ZhEBRQkQth-05poFESj2NMUdJArmg846Yo0aVyPM2oMOzO7OqapMlEaA9x2d053i6yqs_-C4nX2J5mccrn3nn-eS7Wx-zgNy5oVwBKV_l2dBFBe7ZOHMRrd2q9OdxS2E3MNzJcUqG-54597-wF_3jdJZ6m_C_gGGCuBIhIF7MQOUZ_nt8tHLIuvjYpn6wEsVUEr5OpNhtLYHB/302316.png,プログラミングを楽しめるスイッチ用『プチコン４ SmileBASIC』5月23日 ...
36,プログラミング_37,https://www.sejuku.net/blog/126020,https://msp.c.yimg.jp/images/v2/FUTi93tXq405grZVGgDqG2ZbYGCyLpR5USnqNmgnrubG2eS9ra12f_cClqxFaU7sA9qITCCAWztPUfYpMBDVq-vecy54RczYax3fR5IrJSt122ucsGpRMMXHaqnPy2bQSHr2b2olBLrGSElBsoZebBcRtbodXZ45Kk1Ek-YNwXUAqhEXlM9tN4Zo6E-ZvIhQ8XpJFUiwn81vFiIu__54yf6M7eI3jAu3IdgPEpqqAGJOK6tGtIxl7D3ECeIUpqCfezd1rIcgSGdlK6Pl-2xm24iywPHCE5b6o71lzn1pi-9BPf2lk8ZSywcB30xJ9GaQPvasVV4iQ_OgbRntWHJq1i-bMobTvBeYeWOH6BndXj8=/shutterstock_329205053-1.jpg,3分でわかる】Linuxで使えるプログラミング言語とは？ | 侍エンジニア ...
37,プログラミング_38,https://techplay.jp/event/801105,https://msp.c.yimg.jp/images/v2/FUTi93tXq405grZVGgDqG8Yt1YyfdZIXpE9z2dBX8defbzcC8SW4jkFEJ2iM7v63ydh3mtDDuj_iHZYXv_szkHSX9H0Nahb1jzTT7R3zaNCgfEw0l2G4fCbQTD4HdtYpF_AF96ofvQ0l4H4m8hxE4K7b0BnTdLCbzPjAtE2nF7gNmHJv2cf0zgWS172JaTmFfq3ZkviQ5He3fo6cz_NzXauXqM1eHr0hov4Y70yxvdSGwKlRRa78trqeIv9ccT0FLi4lpfW-6bFHxd1568pFGfIhNnMY1nAErUbruujsEAAU0EG80NKeHGlpMmkhC6Pe/715098dbe28e6cd491872c0c360f8e5190540adc.jpeg,初心者の方のためのWEBプログラミング体験講座｜IT勉強会ならTECH PLAY ...
38,プログラミング_39,https://diamond.jp/articles/-/235197,https://msp.c.yimg.jp/images/v2/FUTi93tXq405grZVGgDqG1YfHDoq6bKpfOed4CmrTfIuP0MIL2eao3y4kldmjDFnEn5yvoYRAVlt-6FWfQ-xJgyud4zjoM-6ZR1yFc27p7zzMTAPHCV6lvz40-EhCeD71HLBk-0cEc2LMaWdb6jv7owQUr2uPRjssvIKp0lzNh5caPRnczZZkhb6Ym94bf9_VgYWEfpGpML-rV4VGTkkjS-v_qv4_yJesJY1YGK-6K3n1oxl1mGuWgbVH355K70H4jW60m90fWOS83_tpTJUHWq2lmSkA_WXfc1jR5s5Ra4MkJYzaByhFztvrePq2fx6/img_50d647bacf1477b6d3d75787cf1e8df4114065.jpg,初心者に贈る「プログラミングの始め方」、理解よりまず実践！ | 今 ...
39,プログラミング_40,https://kids-switch.jp/,https://msp.c.yimg.jp/images/v2/FUTi93tXq405grZVGgDqG4I928wZiJvkzW3LkyGHTi3dgndIccIGvjT_Ae8w0Lclc1OKIr75r3DzA_WGARUGZW-isUagZEM_BKJnRZoKs4WB5YByNuyi3zA5bSlgPlIvpN4KhmNfM39eXTuy-Ic3WXLcTdqSVSsIZXoYyf16iviAQoZS0yY8OiztkD6wFCZDpp4QeLJJv_8FCsuGuzwPF6DwLtWor8vl9ORLFPI_f3hTMqxaVejT383va5Z72sM2MEgm7lbpKauYMma-psEI6fl4FQ2ybd4J4q7I54biJoOZpUdHDc3K9aqNOEbmY6C_8o6zQcPYl1uIAxkvjQDVUg==/course_guide_img1.png,武蔵小杉で小学生のプログラミングスクールをお探しなら ...
40,プログラミング_41,https://gihyo.jp/book/2020/978-4-297-11347-6,https://msp.c.yimg.jp/images/v2/tpvPBYOX1wpNVI1UoNSgEjShtjPfoBg4ERVn_ayT-Miz-ROyz1PeyfBr6uNIV6QaNMPekkBIge_N1bIfLTMdkEBF4y9vO_uGnBk2h9wzbYNzAhopb3Sgjyt96kVi8hW2LAHD5JCjpiUOTODuec_HAUqziG--IQu9-QD00MHIee-5yBl7y-V295AXd9OmbSTfCHT4POPSzuaXzIUQYTX30sJ8Bx_tGzmMebT0Mnrh31qItQqhaS-x85GliAc6XiNm1Hhkvy6awpkojk8wD6sBk009mLWqBSiGblCG8gbox-g=/9784297113476.jpg,プログラミング言語大全：書籍案内｜技術評論社
41,プログラミング_42,https://www.amazon.co.jp/%E3%83%97%E3%83%AD%E3%82%B0%E3%83%A9%E3%83%9F%E3%83%B3%E3%82%B0%E3%82%92%E3%82%8F%E3%81%8C%E5%AD%90%E3%81%AB%E6%95%99%E3%81%88%E3%82%89%E3%82%8C%E3%82%8B%E3%82%88%E3%81%86%E3%81%AB%E3%81%AA%E3%82%8B%E6%9C%AC-%E9%83%B7%E5%92%8C%E8%B2%B4/dp/4866800674,https://msp.c.yimg.jp/images/v2/FUTi93tXq405grZVGgDqG1CROubRnqp0a8lc9vDDS-lAY7AB0-ZjPxi7Xye_xu0wm9U4TgWke3wHS2oRWPNFsmf7cOl3sww9ilH6nGNOh-rszzCbZENTza-YgU3U-_hFhWxamlc3fUVQpg9OVjrz7RQx0V7tfujTsouQqq-Jg-IaTtnWiVFvMmePQRje8cZj1DswrkkYgob466DvhFdhEKuLZg-gayC020x92Sk00ZPezcG1UZieoYrQH0j__GSNB00P3W7c4TWxNHPWuiM3oA==/71rXarSvBcL.jpg,"プログラミングをわが子に教えられるようになる本 | 郷和貴, プログラ ..."
42,プログラミング_43,https://japan.zdnet.com/article/35122872/,https://msp.c.yimg.jp/images/v2/FUTi93tXq405grZVGgDqG84VcAfbwddB1BL6EgXKDqFzpBltk6CLNx5V3Qbpv4roJEVYA25bKwlaH6nF5LOOFoJRmbXl9SDuishVoZTfdd19ZkWKnB4oe-S0KbY4NQUuTwa3KUlc3Qyo0kdPJzhUyqcZOk3bg_pji5PjErLFEWa5lp4ZGKBw0V9Sep_-6o3tcl7O45TeZag4wH7o-xonh9kVfsUegLSKbRvIxE9LgrcXRbzrIfrCCQGlUO4b4l2bwoeCcnJERkveWPsDk5ci6mvbhHIweOVrhbosNkq5llH9VQShQ6NWTcPOpdnU7G96/FigA.jpg,データサイエンス／ML向けの最適なプログラミング言語とは - ZDNet Japan
43,プログラミング_44,https://simplearchitect.hatenablog.com/entry/2018/07/23/080324,https://msp.c.yimg.jp/images/v2/FUTi93tXq405grZVGgDqG7EWq3gkaBV51Iq32TvAcGrFGJLYXPsvUcTXV7P3YYThZwu87gLpK7_7hD_Dhrd1Qm4sOgUN4HWyDv3Qz7SVTh-kx31VI5NEAG-c2bNzZg9majZBVs5ZGnm1mSmNWqw2ll5AIkF5ufravNJxcETSXVQyZnNEdiOtYSGUogUc1FfvMro5GnM9_s4WkPjSf8zf7MtHIBNcBJSWnjXMENmNoORkeySaJ0nUVf_ggroE5th18Saq4hhpOewE-WTcAzgPd03UiD_e1pxnAfyQKOYYVbFhrQRpsTuTFtgWX8e9QSpv8o6zQcPYl1uIAxkvjQDVUg==/20180722204819.jpg,メタファーを身につけてプログラミングの生産性を向上させる ...
44,プログラミング_45,https://wired.jp/2019/08/04/coding-is-for-everyoneas-long-as-you-speak-english/,https://msp.c.yimg.jp/images/v2/FUTi93tXq405grZVGgDqG8-tbysIl8OelV-uFtw5XLy3uY4BO9Pn1d-p2pmOxpQpsV_1tLuFVFESYrYtcy9Jxhe12axKAFZjVYeHzFHJmYHkvk4CKma_ERsZgg6ihjtoo8LKF6AjTRFPEJVogbdhDv4mxuUZYmlqg83lCUvBzGt3ZThxQVSSX3ufNQ7XrTK6P9BRdGb6MY4vF0HYTZemqhdQZKkDRc2Ut9jeqJ8Vk-U72iqY4IiuuDFJo97gJ28-2mA6rSK4aBSqxkm3ITlHl96rdEGpPpwfLOATIpptLok=/Ideas_Art_Languages-899643860.webp,プログラミング＝英語」という状況は正しくない。多言語でコードを ...
45,プログラミング_46,https://tech-camp.in/note/technology/69/,https://msp.c.yimg.jp/images/v2/FUTi93tXq405grZVGgDqGxiw-Tbq3nt4hl1-Q-TVZoODEpE4z_s1xPwXVje0FrFY8xPhvOOa8YokQ0h9FkFsJvJv9MhtpnriXCjde79_SxOqr9iYvMOOjHf0f6M0QFMFMxSVL7Yopmro_B9u6muwXc8lBV97Sf9hWzkUrnw0QBahcC1KAZX6XJPpTppXY__GDP0A9T_qO2D4BVI35_LjsXq_BzvkciEBVgr7wqNLuaraViPjRnaWPT3Q3vX0YAhzCvbkQYR5XoYfhH7MokcICkxvAD7iFssD7X5YzIM0uK5IK6zXPqU5adynMAJiChGl/programming_self_edu01.jpg,プログラミング独学のやり方 初心者が基礎から学ぶための入門方法 ...
46,プログラミング_47,https://dekiru.net/article/18672/,https://msp.c.yimg.jp/images/v2/FUTi93tXq405grZVGgDqG_cXkyNuC8Z0QBKS-Wg_vEem13tWb4nM0QfX3H_ZbJfIgwreStUXWTRTi_eU3IxOIOB9-eXCVw0NV0hZRtMfKLPPJQVfe0n_YVs5FK58NEAWoXAtSgGV-lyT6U6aV2P_xgz9APU_6jtg-AVSN-fy47F6vwc75HIhAVYK-8KjS7mqSvisinNOn_bOo8xn-0j0qWCDFfVAnrSkYqsu-EjjJos5XlSB8yEh9Q6hKygnglbiFNBBvNDSnhxpaTJpIQuj3g==/20190814-y0101.png,小学生も挑戦できる！ マインクラフト プログラミングのまとめ ...
47,プログラミング_48,https://www.petc4.smilebasic.com/,https://msp.c.yimg.jp/images/v2/FUTi93tXq405grZVGgDqG5Y_n3vAkESXe_OA_a4Beb48hEAUxlJsyQ65vhyc9BCtq_auNrtec18gg_c3DiRCSqALOB7sL6CUJ6wpA6n0fEZ08vW-2Z1y9Zq8pekf6CXzJPrQNzddfJCu03514CRr_GmEfQ_13G90pDtmK1JmyzOnClvImH9nw_mu2QHT4qZyhfa2kW87gd8q6sZZMB4zuOLoLWGFbfMAGWz5NGEEEIEggfheT3VZvQQXUlSp7XonFW8qCg9JccEDAkW7qgTayoAgOERmond4rce8jpRphSmrlg_CZut-1eRwx49pFTf5u8uI4SRbWKU_6pSnMaZ7BzWrJ0B6B8lkEIh1X7p1m0Otr4P1foWlsCOQx67S4ePuo-WWOGOfDPunaoZhjyQykg==/petc4.webp,Nintendo Switch（ニンテンドースイッチ）でプログラミング | プチコン ...
48,プログラミング_49,https://camp-fire.jp/projects/view/67749,https://msp.c.yimg.jp/images/v2/FUTi93tXq405grZVGgDqG71dNNaz56ruZCuRzltrgbZmuf6WGD3Xwgg3zSxYBE6x1_b6zeF83Vl-uUePKod1huB_oPyZV-0zHOHC92-80H3wug6Th3A8GMO8nhZfLQ9ojBBSva49GOyy8gqnSXM2Hlxo9GdzNlmSFvpib3ht_39WBhYR-kakwv6tXhUZOSSNL6_-q_j_Il6wljVgYr7orfLAWG5nID3m_x-4nVrD33iCJLsDxJZ3VuJjS_mVZSGlVIgW8qoSriM_0zI7Jdk_jumToPCbLPQaxf_-SgcBxkA=/c3cb34b2-79e7-454b-a72f-964cc48bf3c2.png,プログラミング言語かるた 制作プロジェクト」 いよいよ始動 ...
49,プログラミング_50,https://www.youtube.com/watch?v=nhJaRJzotTk,https://msp.c.yimg.jp/images/v2/FUTi93tXq405grZVGgDqGxuQACxqi0fkbGNWy3I1FNXYMa5J-IO4gBsI0wNFyDDazT7bjGYWsT5Dj7H51KBH1TMwqx4j6JcYDIcqw_MaPg6u29AZ03Swm8z4wLRNpxe4DZhyb9nH9M4Fkte9iWk5hX6t2ZL4kOR3t36OnM_zc102q3S6FDY9KwX27-0yiIG9_kt7zaTuI-Swb8gVKYTlx9umN9NlW2l4nHjxx_m2E-PbjHRLgqXLyWh4zA3cv9-sFNBBvNDSnhxpaTJpIQuj3g==/maxresdefault.jpg,堀江流！？プログラミング初心者におすすめの勉強方法 - YouTube
50,プログラミング_51,https://www.kumonshuppan.com/programming/programming-syousai/?code=59900,https://msp.c.yimg.jp/images/v2/FUTi93tXq405grZVGgDqG8-6BALTBzflCuDwnnki5Xp6IoNO5UHdmCX5DMaH1I1WC-jFZmq6_7uUUvkwVb3PpBCXnGShT2bcbjT6zlr70sNoTj5b248QHvoPxkP7eKfM7Gtgbm0UbmRUwAclc1WQOBRSNB-tLPcShOMIedBzlUvLTzW5lryUO7B1zLe9ExKGq5aqfUJW_rwXxKDsWQvhUh3NeyTYMSBq63HzvQSvQCMJjxe-sHa36Mi_M_Suw2sneFeebI2SCShXGUCRQOvSCw==/59900_big01.jpg,くもんのプログラミングワーク① はじめる！IchigoJam | くもん出版
51,プログラミング_52,https://eng-entrance.com/web_development_language,https://msp.c.yimg.jp/images/v2/FUTi93tXq405grZVGgDqG_fsZL4pcXb7wtxd46zGJ5ebG6ovhKFMMJMGXakz4NBXShtelAXGLOfLAGJCbUWTqOzV8yRjwb2wk4rnrwbEqGF6OTy9hkHB4Ij5apvYO0gFiqOACNVkWLWGxhbRmarC2zSFMntOROrghlxLPLoQjjtSthSJLJFqufi9MibMidaLJyKTA6N31VjUwHnN8AAt1aPCyhegI00RTxCVaIG3YQ7-JsblGWJpaoPN5QlLwcxrd2U4cUFUkl97nzUO160yuj_QUXRm-jGOLxdB2E2XpqoE9Ed1Ftkyz1QUBJstfn8qdLruQuCuy313krurPD2s6CJDAmnZIZxB-NJ4QHu2vhmWbJYSlTNlHjeRT_8mQF9o/E5908DE7A7B0E69CAAE8A8ADE5AE9A-1-8.png,５分で理解！Web開発初心者におすすめするプログラミング言語
52,プログラミング_53,https://sakumaga.sakura.ad.jp/entry/2020/10/29/120000,https://msp.c.yimg.jp/images/v2/FUTi93tXq405grZVGgDqG7EWq3gkaBV51Iq32TvAcGrFGJLYXPsvUcTXV7P3YYThZwu87gLpK7_7hD_Dhrd1QiJI9tqsqfPGu_5wLGYYnnpe75FCQlhDDP3xPLoaa0arB1GCfs2ak7mTuBha1K03kKPCyhegI00RTxCVaIG3YQ7-JsblGWJpaoPN5QlLwcxrd2U4cUFUkl97nzUO160yuj_QUXRm-jGOLxdB2E2XpqqU4lsnMzv0sWvBHEJR1PV4kWtpCsRWzEGNEM94w9R-gJ7wMujpU7caResOxxCx_TRJBQSDNSgyvRLT6VNqVbfq/20201028114656.jpg,プログラミング言語の簡単な歴史を初心者にもわかるように解説 - さくマガ
53,プログラミング_54,http://www.uni-tech.co.jp/area/nps/index.html,https://msp.c.yimg.jp/images/v2/tpvPBYOX1wpNVI1UoNSgEo8YaiZl7zFLlBXjugdUkumKiIHnptTPul-qHGuOXW4Zl_lXfvynNFvOBE4bft_TZl5AIkF5ufravNJxcETSXVQyZnNEdiOtYSGUogUc1FfvMro5GnM9_s4WkPjSf8zf7MtHIBNcBJSWnjXMENmNoOR-lI5QlvNJHk6wAYSOLiyt_mZQa-iBstYTqGlO8le2YJUwIqELBgWghlq1FaK3-XFwzLG3_1eJWWYAxfhuSh8RjPT6R0qFMrW8bMELt_zBQA==/top_1.jpg,オンラインで全国からご受講可能：日本プログラミングスクール 学生様 ...
54,プログラミング_55,https://web-camp.io/magazine/archives/16592,https://msp.c.yimg.jp/images/v2/FUTi93tXq405grZVGgDqG6G5iwy_WPkPPE70H8VL32fJBFh5ICm3zzh-5U87JXoUgcjldUyeQ0DxEyIJi9SXrG3w9lKmcaaGFbgdRB3iGKy2R7NrpCWQZY2clYW3tNO0TA-lfjrr4YzrR0dnxWi6mIwQUr2uPRjssvIKp0lzNh5caPRnczZZkhb6Ym94bf9_VgYWEfpGpML-rV4VGTkkjS-v_qv4_yJesJY1YGK-6K0v2V1CfK8jRlDeRmkg0eC673wnrqsvzOcIO30gLSPjqrEj-smU2dt0LehPLE9UPky9h87fu4hsh-yXbwNnF8GF/soucecodeIMGL9032_TP_V.jpg,プログラミング効率を上げるエディタの選び方とオススメ | WEBCAMP NAVI
55,プログラミング_56,https://www.ameet.jp/digital-imaging/2094/,https://msp.c.yimg.jp/images/v2/FUTi93tXq405grZVGgDqG6PEPDmQ0kvu6201QIU6vO7Kye6ocIUYHEH5VIMSM58Q9RxveRTCQBWTnue0EbUy-BP61082KJzBk-6OvAscwAgFrqA242z8aY5CsRVyX3AErtvQGdN0sJvM-MC0TacXuA2Ycm_Zx_TOBZLXvYlpOYV-rdmS-JDkd7d-jpzP83NdB-IXrLqD5b7zKN7S0Lx9Lj8JQaGEyo7ABGESakwof-l8guPSabW_GzcMjXwWcklom6EjZHPVrzLPfQHkcBVty_WAzgenNmvh6r_uHynO9bI=/1805_te_main.jpg,プログラミングを用いた映像制作のコツ 第2回 ～コンポジションによる ...
56,プログラミング_57,https://www.dainippon-tosho.co.jp/introduction2020/sansu/ex_programming.html,https://msp.c.yimg.jp/images/v2/FUTi93tXq405grZVGgDqG0Y8tuiHt-ptAuYo9hXF23VgqasNM0aOXwjjVLkV8bg_XmjRqUJ0tBqXMUhssCH0ByK0U8-Hw4eujdKC4MAZ1jOD4pMA7B4b3mvsj43sldieHNSJU_5GA3KJ-4dxf6FjW2hOPlvbjxAe-g_GQ_t4p8zsa2BubRRuZFTAByVzVZA4FFI0H60s9xKE4wh50HOVS8tPNbmWvJQ7sHXMt70TEobVnqOw6jb7NwL4S_xsJh9AFCTTPI9RWzENdSsHI_2wn1NuG_79n3fsYNsUp7ZTMoX9M3FkTzNFCyiiMKPfv1IZ/ex_programming_main_sp.png,プログラミング教育｜令和2年版 小学校算数 内容解説資料｜大日本図書
57,プログラミング_58,https://brave-answer.jp/33428/,https://msp.c.yimg.jp/images/v2/FUTi93tXq405grZVGgDqG-ft2mhrua-etWTzswHlfWq5y0S7vUOJT37iK8aCeKHCkAAksGKiLlvjd3mPc6J24bcnFNrGTooYYNVVn35QLf7xk1LGpm5MFVnK81YZoCcCDsCWaZtjgBepndUt-UZq2l0C_b3xiCLARdYtA84niVpeQCJBebn62rzScXBE0l1UMmZzRHYjrWEhlKIFHNRX7zK6ORpzPf7OFpD40n_M3-zLRyATXASUlp41zBDZjaDk5ps6KhsMuzaRFPI_YUGW-5ZyJf3kWxafgAmQBBQSo5d8mP2wS_53YVA5k5TTtI8KE8EErmBhZwXtFkp42U1U9fKOs0HD2JdbiAMZL40A1VI=/shutterstock_577183882-410x280.jpg,プログラミング言語13種類総まとめ | brave-answer.jp
